id,title,brand,part_type,location,quantity,cost,notes,photo
3,11.9 DSi screen,Waveshare,Electronics,Bin 4,1,0.00,Doom Trident,Pd16UnKacqIjeTtId31WOa.Photo.212423.jpg
132,12mm x 400mm rod Inertia Cube,,Motion,Bin 4,2,0.00,Inertia Cube,JMJ9tBNEEkpAuyM45avSDc.Photo.022116.jpg
250,1515 extrusion 200mm,,Misc,Bin 2,4,0.00,Hex zero,KqITG39EDZDteePawSTSms.Photo.235448.jpg
204,180mm frostbite build plate,Biqu,Hardware,Bin 4,2,0.00,,Nw3eKR7nvskdPD1wgULfTz.Photo.002612.jpg
251,2020 extrusion 100mm,,Misc,Bin 2,4,0.00,,vaX5eizgw4njWW4IfKHDH8.Photo.235117.jpg
252,2020 Extrusion 250mm,,Misc,Bin 2,4,0.00,,IBjlshX551jHDulDzqIsBJ.Photo.233909.jpg
253,2020 Extrusion 450mm,,Misc,Bin 2,4,0.00,,tYxcU5OXr4qstPFoderKV0.Photo.233849.jpg
206,2040 extrusion 300mm,,Hardware,Bin 3,2,0.00,,5evWmRQja6mBEhyRbVUR2a.Photo.225710.jpg
176,2510 Fan 24v,GSD Time,Fans,GDS Fans,4,0.00,,xGlwZsFaeTvGDEFkU1OHBL.Photo.000151.jpg
175,2510 Fan 5v,Delta,Fans,GDS Fans,7,0.00,,TTu7HWNrCka4rI3b5TZaYd.Photo.000256.jpg
178,3010 axial 24v,Generic,Fans,Fans,1,0.00,,zP1LohQYiOsu4g4GskHG9y.Photo.030150.jpg
179,3010 axial 24v GDA3010,GSD Time,Fans,GDS Fans,6,0.00,,m0hMtLzH1AJi5ftB1O5Nif.Photo.030240.jpg
177,3010 axial 5v,Generic,Fans,Fans,1,0.00,,Npb8dEawQk0bUiC8Vu6SlG.Photo.031850.jpg
180,3010 blower 24v GDB3010,GSD Time,Fans,GDS Fans,4,0.00,,dQk09AbHl1rnSK4cfxe298.Photo.030935.jpg
4,30kg servo,,Electronics,Bin 2,2,0.00,,85PYhIsxcW7SdTQvJWnqhC.Photo.231226.jpg
205,350mm bed,Fystec,Hardware,,1,0.00,,7Z9Kcs6oseekqgjVQezu7e.Photo.053225.jpg
7,350mm bed heater 1000w,Fystec,Electronics,Bin 3,1,0.00,,8bmgHcXwo4t1PfIJ277bFK.Photo.232213.jpg
248,3d digital spool rack,Ceality,Misc,Bin 3,1,0.00,,UfynMjfenRNbV6gOkyx2o9.Photo.193651.jpg
181,4010 axial 24v,GSD Time,Fans,GDS Fans,1,0.00,,kIX5qHYHBNn9uLXUaBO9LH.Photo.030754.jpg
182,4010 axial 24v,Generic,Fans,Fans,5,0.00,,FCJ6zaj2iwypT4K3AO4uQw.Photo.030636.jpg
183,4010 blower 24v,Generic,Fans,Fans,1,0.00,,FIrpcXUTq7ACseU94csjx8.Photo.031736.jpg
184,4010 blower 24v,Winnsin,Fans,Fans,4,0.00,,uzBQ5uYQq1nL5wXGCyI4GR.Photo.031638.jpg
185,4010 blower 24v GDB4010,GSD Time,Fans,GDS Fans,17,0.00,,4bc99ZZ18EFdr1d3LJSuZ4.Photo.031350.jpg
186,4020 24v axial,Winnsin,Fans,Fans,4,0.00,,FNyUhlRsB5YnuFCGWXUqt9.Photo.163715.jpg
187,4020 axial 5v,Waveshare,Fans,Fans,2,0.00,,e2o4U1PwYvclSgoTIiVqmY.Photo.030545.jpg
188,4020 axial 5v,Noctua,Fans,Fans,1,0.00,,GdLKIAhayTtjxdIcoOQZXQ.Photo.031235.jpg
189,4020 blower 24v,Generic,Fans,Fans,1,0.00,,lCmj6cDJGHZhixGCQb4Efq.Photo.031050.jpg
190,4020 blower 24v GDB4020,GSD Time,Fans,GDS Fans,4,0.00,,aBlBn9wGyD8lpPWp5rnqke.Photo.031126.jpg
191,4028 fan 24v,,Fans,Fans,2,0.00,Nevermore mini,bcSfbdjbpbECntg5l9sFLC.Photo.000134.jpg
1,4.3 DSi sceeen,Waveshare,Electronics,Bin 4,1,0.00,,tWs2cpSpJ5vply9HWngAFV.Photo.194645.jpg
192,5015 blower 24v,Winnsin,Fans,Fans,6,0.00,,m9nBs3d70oSzbrAroWWziA.Photo.025510.jpg
193,5015 blower fan 24v,Generic,Fans,Fans,1,0.00,,pfqayAQKAVGi57rm1sl56m.Photo.025736.jpg
194,5015 blower fan 24v . 06a,GSD Time,Fans,Fans,10,0.00,,MZXdQUyifJAZphGRE2QlRZ.Photo.235837.jpg
195,5015 blower fan 24v gdb5015 .18a,GSD Time,Fans,GDS Fans,4,0.00,,dYF7D7Mu4eDyBuWWCwhG22.Photo.025844.jpg
196,6015 24v axisl,Winnsin,Fans,Fans,4,0.00,,5met2YZvPB9lYeWGmOMmNw.Photo.163634.jpg
197,6020 axial 24v,Generic,Fans,Fans,3,0.00,,2KFDqbcMWEDhwdKh6c7Z3K.Photo.030433.jpg
198,6028 blower 24v GDB6028,GSD Time,Fans,GDS Fans,1,0.00,,UFWbMwfhLLWw3Bbyhllsj7.Photo.031017.jpg
5,65w ceramic heater,Generic,Electronics,Hot End,5,0.00,,pETj73FgC0kKb3DzvLBodM.Photo.205111.jpg
174,80m fan 12v temperature controlled,,Fans,Fans,1,0.00,,oHuUQ3ZqBEDIeEdt4iCTD2.Photo.031953.jpg
6,80w ceramic heater,Triangle Labs,Electronics,Hot End,5,0.00,,n5LOT70IVUcOlSLAxCVCvD.Photo.205023.jpg
2,8x500mm rod,,,Bin 4,1,0.00,,xaLvM17A2DIq8lPU500TLf.Photo.224314.jpg
249,90 degree right angle heater,,Misc,Hot End,3,0.00,,QvjxVsT0BlV1wMRnY4SHW0.Photo.225014.jpg
254,A1 silicone wiper,Bambu Labs,Misc,Bin 2,7,0.00,,GYFAvXO5dQ3i9fNndv2ydL.Photo.210134.jpg
8,AFC Lite Box Turtle,Isiks Tech,Electronics,Bin 2,1,0.00,,fymc8x6fshWLFHtGLaqfDi.Photo.233803.jpg
9,Air quality voc project,,Electronics,Bin 4,1,0.00,Sensors screen,o7YWYFRa5mlcxGN1xH7jQN.Photo.193334.jpg
255,Ams inner frame,Bambu Labs,Misc,Bin 3,1,0.00,,KuIAoGqYS9CIJdk5AJU5uz.Photo.193448.jpg
256,Annex K3 magnets,,Misc,Bin 1,4,0.00,,
10,Bambu heater and thermistor,,Electronics,Hot End,5,0.00,,1OMYli13yvbkSgAjBOFOyW.Photo.205530.jpg
257,Bambu Hotend sock,,Misc,Hot End,8,0.00,,9ENHpC4Jmm2VRz3yXVfoTZ.Photo.205214.jpg
199,Bambu P1P fan,,Fans,Fans,2,0.00,,jrRZaAH6VZioChtA0N7kxw.Photo.220825.jpg
133,Bearing 608RS,,Motion,Bearings,6,0.00,,YnUHDX9pubegIob7V1ablE.Photo.173719.jpg
134,Bearing 608z,,Motion,Bearings,62,0.00,,LkvAHDDy40brr6k3b7U7aC.Photo.173826.jpg
135,Bearing F695RS,Fushi,Motion,Bearings,80,0.00,,aDuA3rXJe6DP1bXbNcYYth.Photo.173608.jpg
136,Bearing F699Z,,Motion,Bearings,4,0.00,,3rtyLtxTd85ajMVZz8jTwL.Photo.174115.jpg
137,Bearing GE4C spherical,,Motion,Bearings,2,0.00,,tj6TwPtzMcdwFA0a6WfZqo.Photo.174220.jpg
138,Bearing LM8UU,Fushi,Motion,Bearings,2,0.00,,jWxs6Y0hgzqqnmmWPZsiql.Photo.205837.jpg
140,Bearing MR148ZZ,,Motion,Bearings,30,0.00,,4Nm2iuXqsWBNzdLNDHFUrC.Photo.205948.jpg
139,Bearing MR63ZZ,,Motion,,20,0.00,,cnpodQOd8u2oWorWUn6Xhd.Photo.210258.jpg
142,Bearings F623RS,Fushi,Motion,Bearings,20,0.00,,H6aLa4XXhIDMviOcw59uoe.Photo.203650.jpg
141,Bearing SMR115-2RS,,Motion,Bearings,6,0.00,,CQaUd7ftv11sTJ2aooP8R2.Photo.173910.jpg
145,Belt 2GT-6M 152mm,,Motion,Bin 1,5,0.00,,xbiToYA9Rg16TjOcqDpmdy.Photo.234016.jpg
143,Belt 2GT 6MM 12meters,Gates,Motion,Bin 2,1,0.00,,U8f3bgldV50A2G6NDsar8q.Photo.205233.jpg
146,Belt 2GT-6MM 4m,Gates,Motion,Bin 1,2,0.00,,g0XcTuVwBwSNHu3tcr7do0.Photo.233915.jpg
144,Belt 2GT 9mm 8 meters,Gates,Motion,Bin 2,1,0.00,,w3B5N1Sg0Eb219OLhpnwrN.Photo.205654.jpg
147,Belt segments,,Motion,Bin 1,4,0.00,,aOELCEfcLrzyoqY5SqdUfl.Photo.233731.jpg
11,Binky encoder,Triangle Labs,Electronics,Bin 1,1,0.00,For ERCF V2 kit,IZML2T8MsU4UafylVSeodU.Photo.232244.jpg
12,Bme280 sensor,,Electronics,Bin 4,4,0.00,,ATs0A1EfsrvjwI0xNIy47N.Photo.195045.jpg
13,BME280 SHP40 sensor combo,Maker Panda,Electronics,Bin 1,3,0.00,,51vSzCv3l31EQEr65H1K1W.Photo.225421.jpg
207,Bmg gear set extruder,,Hardware,Bin 4,4,0.00,Quattro box,XxPjGuRcFvabXQTfNUe81W.Photo.222924.jpg
148,Bondtech gear set,,Motion,Bin 1,6,0.00,,AFT7WBKJVZ7UkDnsPbLn4L.Photo.233335.jpg
208,Box turtle frame 4 lane,,Hardware,Bin 2,1,0.00,,CTMCvdfXkmPN7JpMoKUHiY.Photo.231827.jpg
209,Box turtle neck,,Hardware,Bin 2,1,0.00,,BmBC7P3c3tUoHxACh81Bpi.Photo.231945.jpg
258,Braided cable sleeve,,Misc,Bin 4,1,0.00,,DXZt9d5TDOYPKHBCV6WxnB.Photo.164413.jpg
259,Braided Sleeving,,Misc,Bin 3,2,0.00,,GY0rw6vF91IiQpGKJEwKBR.Photo.194329.jpg
14,BTT 4.3 display TFT43,BTT,Electronics,Bin 1,0,0.00,Used for Micron,dBxV8l9daTqnh1kkdQ4lFB.Photo.235000.jpg
15,Btt tft screen hdmi 5,BTT,Electronics,Bin 4,1,0.00,,r1B0l6vIzBHlQREEN4PMJ0.Photo.215432.jpg
16,Buck converter,,Electronics,Bin 4,3,0.00,,igxNwg1qY3i8QNoHeJF8j4.Photo.234951.jpg
210,Build plate 220x200mm,,Hardware,Bin 3,1,0.00,,NjF8D04LCRMUncb5Evriko.Photo.200118.jpg
260,Build plate 235x235,,Misc,Bin 2,3,0.00,,Cw8S8hqVujCczDlCQpRRD2.Photo.211653.jpg
211,Build plate 300x300mm,,Hardware,Bin 3,1,0.00,,Fd56SWSMgRePJOTkYqyvBf.Photo.195710.jpg
212,Build plate 310x310mm,Idea Former,Hardware,Bin 3,1,0.00,,R5GoVKaGs01uJTPBYqUfYr.Photo.195911.jpg
213,Build Plate 350x350mm,,Hardware,Bin 3,1,0.00,,oPQkl4QW60hQL1QHP833OH.Photo.200258.jpg
214,Build plate 355x355mm,Fystec,Hardware,Bin 3,1,0.00,,usLQFlxZLFOSkM47iXP7rZ.Photo.200408.jpg
215,Build plate micron,,Hardware,Bin 3,1,0.00,,9IMSUGvRvjgXvKfD1t1Qj9.Photo.195551.jpg
17,C13 power cord,,Electronics,Bin 2,3,0.00,,t9GuCU7YZy43phJEkPkgl8.Photo.225812.jpg
149,Cable chains,,Motion,Bin 3,5,0.00,,rESjMNgR64iSyfr8ArEp0a.Photo.201904.jpg
261,Cable cover split loom,,Misc,Bin 2,1,0.00,,EdX9UIxY4JIbAX5Em0vlVx.Photo.000717.jpg
216,Cable ducts,,Hardware,Bin 3,3,0.00,,5OaSKXQhKQPuvPkK1fBMPP.Photo.195234.jpg
18,CAN bus cable,BTT,Electronics,Bin 1,5,0.00,,CNrzxw6eRCGgvKgtXWaN1r.Photo.224614.jpg
19,CAN Cables,,Electronics,Bin 2,3,0.00,,9Y6bzmaIEF7tk9dnx8CGKA.Photo.235122.jpg
262,Carbon pellets,Aqua papa,Misc,Bin 2,1,0.00,,0y3P1JtVFNVUVGn7k5Iei6.Photo.201808.jpg
20,Cartographer,,Electronics,Bin 2,4,0.00,,Q18VXLVtpSmqQRzGuO1Qxj.Photo.161054.jpg
217,Cartographer 6mm UHF CNC Mount,,Hardware,Bin 2,2,0.00,,H3V9FK24g1Og5iLNeFSTrs.Photo.234425.jpg
21,Cartographer v3,Cartographer,Electronics,Bin 4,1,0.00,,kYGuKo8iDPfarZDdbQ716q.Photo.170918.jpg
22,CEB v1.0,BTT,Electronics,Bin 1,2,0.00,,gM610JpGM0CS58TikKcUzz.Photo.231430.jpg
218,Chain,,Hardware,Bin 4,1,0.00,Possibly use on micron,hVExAtpmAYbdRl5C9PFDMN.Photo.210616.jpg
23,Chc xl heater,Triangle Labs,Electronics,Hot End,1,0.00,,S2JlfEtVBykbISZiMtxktM.Photo.194232.jpg
24,Chc xl heater,Triangle Labs,,Bin 2,1,0.00,,3ZkLGoDawNySLAsRLRvsfJ.Photo.230142.jpg
25,Chc xl hotend,Triangle Labs,,Hot End,1,0.00,,gGTxGJ3068BWpAiRxcvUJQ.Photo.230252.jpg
26,Chc xl hotend,Triangle Labs,,Hot End,1,0.00,,S5298YiBTGrs6jyOjXS9cH.Photo.194203.jpg
27,Chc xl sock,Triangle Labs,,Hot End,2,0.00,,2D4RjriXjX3QbCBehttoWK.Photo.230202.jpg
28,Chc xl thermistor,Triangle Labs,Electronics,Hot End,1,0.00,,9Rj3Ny9I8tW7KgvwHPvxfg.Photo.210538.jpg
29,Cnlinko 4 wire female and male,,,Bin 2,5,0.00,,VUpeaGAVSVynJ9kff9ZB1k.Photo.231438.jpg
30,Colony clacker door micron,,,,1,0.00,,iz6hTVDubGKg8QlwiX4MB7.Photo.233213.jpg
219,Corner bracket,,Hardware,Bin 4,5,0.00,Inertia cube i3,FIakp8GxRBfYsEp1yaQsVv.Photo.224715.jpg
31,CPAP hose,,,Bin 2,1,0.00,,zr6hSBTCDHDYtXpcxzXFQw.Photo.230422.jpg
32,D2HW Switches,,Electronics,Bin 1,5,0.00,,fs2IpoLiHSNVjiSYMHfY4H.Photo.231459.jpg
33,Daylight on a stick,,Electronics,Bin 1,4,0.00,,Mg1QkghHef7Y5Fo2SoRAYA.Photo.010214.jpg
34,DC bench power supply,,Electronics,Bin 2,1,0.00,,qEMlVcutdBGtFfNZ30Dv3J.Photo.214035.jpg
35,Digital temperature sensor ds18b20,,Electronics,Bin 4,6,0.00,Bambu x1 touch,IuIBNcZaydZTXxABqT2oo2.Photo.195236.jpg
220,Din rail 200mm,,Hardware,Bin 3,5,0.00,,VDknMYJ2SHD9WDNixcBaUk.Photo.015620.jpg
221,Din rail 218,,Hardware,Bin 4,2,0.00,,TFcwbtJyTnfIt2FDOQexf9.Photo.220045.jpg
222,Din rail 300mm,,Hardware,Bin 4,2,0.00,,kQCYgAdqK0hzVNjFPIhnw6.Photo.193118.jpg
223,Din rail 500mm,,Hardware,Bin 4,1,0.00,,QnDVomDMS6erihX0BdnHez.Photo.213948.jpg
36,Disay pi TFT43,BTT,Electronics,Bin 1,1,0.00,,DvTuXdIA3WZqncMLIaq1MO.Photo.202749.jpg
37,Display 2.8 inch dsi,Waveshare,Electronics,Bin 1,1,0.00,,7riHZTkc7GGtqiS2REz5FS.Photo.202846.jpg
38,Display pi TFT50,BTT,Electronics,Bin 1,4,0.00,,QUkJNPfvapEwlFEKJr5z5v.Photo.202719.jpg
224,Doom cube frame Trident 350,LDO,Hardware,,1,0.00,,suA2V7TzrNVrxyd66Soqnu.Photo.233128.jpg
263,Door closer,,Misc,Bin 3,2,0.00,,Z96bjYNTkzluYVGcdQfhvc.Photo.022035.jpg
225,Dowel Pin 8x80mm,,Hardware,Bin 2,10,0.00,Box turtle,1r3QtN5gvbtccV1W57johm.Photo.000435.jpg
39,Dragon ace heater,Triangle Labs,,Hot End,3,0.00,,i9Eo8rEEuzBl8pu53Jkxlv.Photo.231026.jpg
40,Dragon Ace hotend,Triangle Labs,,Hot End,2,0.00,,kCbxTA6VmVbJ6njvpK50wX.Photo.225407.jpg
264,Dragon Ace Hotend,Triangle Labs,Misc,Bin 2,0,0.00,Used in micron and Trident 350,RRNWxusEwxWNaC16wVNRkd.Photo.233658.jpg
41,Dragon Ace sock,Triangle Labs,,Hot End,4,0.00,,XbGbpgBpCFmeI15OI5dy2f.Photo.225528.jpg
42,Dragon Ace thermistor,Triangle Labs,,Hot End,2,0.00,,l15FoMb5vEknDtKap65Uot.Photo.231048.jpg
43,EBB36 Can v1.2,BTT,Electronics,Bin 1,10,0.00,,twXjuRRvCWLsx8tO16l1eb.Photo.231208.jpg
265,ECAS Bowden,,Misc,Bin 2,40,0.00,,U9b1Pyqf9NquEoWe3pOhmu.Photo.001634.jpg
44,Erb mmu mcu,Fystec,Electronics,Bin 4,1,0.00,,lqwg8tZ3o5Af036QxeJuMN.Photo.194421.jpg
45,Erb mmu night owl,Fystec,Electronics,Bin 4,1,0.00,Night owl,DB2UJ9g8H6FtlkM3RhnEQJ.Photo.164818.jpg
46,ERCF gate switch pcb,Seleadlab,Electronics,Bin 1,2,0.00,,z9vmMIDh5OjG8OCmvEy1M6.Photo.234523.jpg
266,ERCF kit,Triangle Labs,Misc,Bin 3,1,0.00,,g8K5uWPSJ8qT0xeSl13Wel.Photo.193228.jpg
47,ERCF light pcbs,Seleadlab,Electronics,Bin 1,2,0.00,,AiFbXb8zHabB3UUiYG6c1t.Photo.234548.jpg
226,Extrusion 1515 300mm,,Hardware,Bin 3,2,0.00,,pf8Kzi1x610Ghz7SI47NV6.Photo.004019.jpg
227,Extrusion 2020 300mm,,Hardware,Bin 3,2,0.00,,1kgOOCEPmPWcIgffxrAyTJ.Photo.004058.jpg
267,Extrusion 2040 340mm,,Misc,Bin 3,2,0.00,,UaKMUiSOJOsuC1Oc66sSiJ.Photo.205521.jpg
150,F695 2RS bearing,Rain Dew,Motion,,10,0.00,,
200,Fan 75mm nevermore flex,,Fans,Bin 2,4,0.00,,t485Fbdck1gZXaIvMi2OSq.Photo.202641.jpg
48,Fan control 12v pwm,,Electronics,Bin 2,4,0.00,Nevermore flex,tvyUzBB8HFzCLUez6y6ooO.Photo.000829.jpg
201,Fan for stealthmax s,Generic,Fans,Fans,2,0.00,,XQrMK2USbqRo7Bla0Q4RxR.Photo.032137.jpg
49,Fan splitter pcbs,,Electronics,Bin 1,50,0.00,,21Mnyp3EvnxbF5bLvIXmFZ.Photo.234706.jpg
202,Fan stealthmax,,Fans,Bin 1,2,0.00,,LoSGxzc6XOnU9qjkXQbOY5.Photo.230950.jpg
228,Filamentalist kit,Seleadlab,Hardware,Bin 2,1,0.00,8 buffer kit,oSyiwmn3FEJeMKz3iRkKn7.Photo.193519.jpg
50,Filament Sensor,Triangle Labs,Electronics,Bin 1,2,0.00,,yAEbUk6eWjSc1vY20t5HOP.Photo.224758.jpg
51,Filament Sensor orbitor 2,Triangle Labs,Electronics,Bin 1,1,0.00,,RHybgcGH9TK1J25wQd5V7i.Photo.232149.jpg
268,Filter Nevermore flex,,Misc,Carbon Filter box,12,0.00,,Sb82ZrevUlETuxqLGFHTGQ.Photo.001326.jpg
269,Filters stealthmax,Nevermore,Misc,Bin 2,20,0.00,,kKwpolpAt3rIZ5I5PRz6Uo.Photo.225108.jpg
274,Foam tape 10m x 20mm x 1mm,,Misc,Bin 4,1,0.00,Quattro box,Bwhlmivjdxdxp7hBbUGEFX.Photo.223040.jpg
270,Foam tape 2x5m 5meters,,Misc,Bin 3,1,0.00,,dX9m3tR39WODVJOQ7hcn1P.Photo.205346.jpg
271,Foam tape 5x1mm,,Misc,Bin 3,1,0.00,,RcobkR1gqNFs7dzwP4ZE8J.Photo.194850.jpg
272,Foam tape 6x3mm,,Misc,Bin 3,1,0.00,,GfMloLs12bZpdRmJsQWPqu.Photo.194613.jpg
273,Foam tape 8x1mm,,Misc,Bin 3,1,0.00,,gwKodusfDFoxd8YQmCthDV.Photo.195043.jpg
229,Frame brace 2020,,Hardware,Bin 3,4,0.00,,x63GTT6o8Cag8XSEeX3h6U.Photo.021542.jpg
52,Fuse bed 125c,,Electronics,Bin 1,1,0.00,,cPsO0rYlWdx4I5yvISkSfK.Photo.023513.jpg
53,Galileo 2 extruder,LDO,Electronics,Bin 1,4,0.00,One built,OLkvTCO1qL6a67BTi8Cb8g.Photo.232553.jpg
54,Galileo 2 extruder,,Electronics,Bin 4,1,0.00,,N5qL4JGSTfygSL7OOZTzoZ.Photo.222229.jpg
151,GE5C bearing,,Motion,Bearings,12,0.00,,ctnKkdKefGMvfdqBuaxOOk.Photo.210845.jpg
55,H36 combo toolboard,Fystec,Electronics,Bin 4,3,0.00,,
230,Handles aluminum,LDO,Hardware,Bin 3,2,0.00,,hjvRJ2TkU0oTmrasmczwSU.Photo.232418.jpg
231,Heatcore 4 APLALS,Mellow,Hardware,Hot End,3,0.00,,0BvoAMO8ydq8QJJV1gjkjd.Photo.202320.jpg
232,Heatcore 4 thermistor,Mellow,Hardware,Hot End,1,0.00,,RZ1reIGhL9UbXK0CZgd6Vi.Photo.202521.jpg
275,Heat shrink braided cable sleeving id 4mm,,Misc,Bin 4,1,0.00,,jH8s8resJQteggWcjcw7hc.Photo.214652.jpg
276,Hextrudort low plus CNC extruder,,Misc,Bin 2,1,0.00,,UMIr431nlnsxBlPSDW6QEE.Photo.225926.jpg
233,Hotend Dragon HF,Phaetus,Hardware,Hot End,1,0.00,,j8fF6TOuJQTMciOkHSlFj5.Photo.235849.jpg
56,Hotend extensions,,Electronics,Hot End,2,0.00,,ZEpyzUL5NgmWQNNOXqqyWm.Photo.205602.jpg
234,Hotend v6,,Hardware,Hot End,2,0.00,,tFc3sKB9BKnL5jWNin6kEO.Photo.003917.jpg
152,Idler 20teeth GT2 bore 5 belt 6,,Motion,Bearings,5,0.00,,
57,Inlet with light switch,,Electronics,Bin 2,3,0.00,Switches have been replaced,0wGE15MT7YI1i7PQtJoyAC.Photo.220925.jpg
58,Inlet with switch and fuse,Adams,Electronics,Bin 2,1,0.00,,kFCIf6rQtlC6a1QC2qAOVA.Photo.213233.jpg
153,Intertia cube i3 bearings,,Motion,Bin 4,1,0.00,"5 x pulley, 5x idler, 2 x lm12uu",RIkm2VpJmkCquu33pRs0Jw.Photo.224102.jpg
59,Klicky PCB kit,,Electronics,Bin 1,10,0.00,,LiUDjbVvK7p0XwaxRhuhpq.Photo.233212.jpg
60,Klipper expander board,,Electronics,Bin 1,2,0.00,,JmQeMQjoQ6uZQCGt6flxVX.Photo.234829.jpg
61,Kraken MCU,BTT,Electronics,Bin 2,1,0.00,,Ffn4cnHejvzv8FeycXfNMD.Photo.233901.jpg
62,LED Bar 5v 270mm,,Electronics,Bin 2,2,0.00,,orfEcDmtEs0C1ogOx5J7s7.Photo.235631.jpg
65,Led lightbar RGB 15 8mm,Mellow,Electronics,Bin 1,0,0.00,,moL7zDW1c3lkgIluCcCpoX.Photo.005315.jpg
63,Led light strip,,Electronics,Bin 1,1,0.00,,pqGxkVafyaMytUDhLlmf1n.Photo.010151.jpg
64,Led light strip 5v,,Electronics,Bin 1,1,0.00,,4y0t8JIt0EjTzRKnp89rb5.Photo.005640.jpg
155,Linear rail MGN12H 300mm,RDBB,Motion,Bin 1,1,0.00,,4GxErjdWwDiuPQXrDXhiPG.Photo.230707.jpg
154,Linear rail MGN9H 300mm,RDBB,Motion,Bin 1,2,0.00,,dU29Eip3G9ZD7MXXyAMlo9.Photo.230737.jpg
66,Lrs-350-24 psu,Meanwell,Electronics,Bin 4,1,0.00,,9EbeosLSReT77gBOobMs1z.Photo.222148.jpg
67,Manta mp8 MCU,BTT,Electronics,Bin 4,1,0.00,,Bbprq5M1uCd0uhesHaciRt.Photo.212228.jpg
68,Meanwell lrs-350-48,Meanwell,Electronics,Bin 2,2,0.00,,LunqiyWV2YcJYZ1vkcqqpz.Photo.211244.jpg
277,Melt zone extender sock mze,Triangle Labs,Misc,Hot End,5,0.00,,rzC1Tx55akDEP1r6YcAw6K.Photo.225608.jpg
159,MGN12h 350mm,,Motion,Bin 4,4,0.00,Inertia cube i3,v3ylPxhfxwZSiNcWPCsrs1.Photo.215442.jpg
160,MGN12h 350mm z2 x axis,Beseker,Motion,Bin 4,1,0.00,Inertia cube i3,Oo5as4fSDDNuMVXGmyLUC0.Photo.223421.jpg
156,MGN7H linear rail 150mm,Youmetong,Motion,Bin 2,1,0.00,Hex zero,nCEYE4z5658svjq91rlL5Q.Photo.233014.jpg
157,MGN9H 300mm,,Motion,Bin 4,1,0.00,Inertia cube i3,QgWz8nDoLy5EzOd9oTduoL.Photo.214248.jpg
158,MGN9H linear rail 200mm,Youmetong,Motion,Bin 2,1,0.00,Hex zero,RRu5Ywlz1T1RJX0X5pxHxY.Photo.233108.jpg
278,Micron build plate 185x185 glacier,Biqu,Misc,Bin 4,1,0.00,,yX9L7af6ntw4Y0WNpJqAZ0.Photo.211901.jpg
279,Micron cryogrip build plate,Biqu,Misc,Bin 3,1,0.00,,
69,Micro SD extension cable,,Electronics,Bin 4,1,0.00,,ISDjX43neVnyUGiaW3vXnj.Photo.151005.jpg
70,Misc thermistors,Generic,Electronics,Hot End,7,0.00,,B2IDXncGL1uhgnONlsSKNg.Photo.205822.jpg
71,MMB CAN v1.0,BTT,Electronics,Bin 1,1,0.00,,24dbZX3AEPhCuadHVW3F9s.Photo.231527.jpg
72,MMB EZ2209 drivers,BTT,Electronics,Bin 1,2,0.00,In the mmb box,3hST4Gvc9Kdh4oNSa5Qn9Z.Photo.231631.jpg
73,Motor 6v,,Electronics,Bin 2,6,0.00,Box turtle,UAwRtf7w1Kbm3uMLLb4XW7.Photo.000643.jpg
161,Motor Nema 14 36mm pancake,Moons,Motion,Bin 1,6,0.00,,AAxojwBSEtNfylCYxNG5cT.Photo.222422.jpg
162,Motor Nema 17,Stepper Online,Motion,Bin 1,5,0.00,,Y6zfWf9oW3soC9o8zsz2dC.Photo.224550.jpg
164,Motor Nema 17,LDO,Motion,Bin 1,1,0.00,,UNvVSqvybm84YyYVNnomyy.Photo.224059.jpg
163,Motor Nema 17,Moons,Motion,Bin 1,2,0.00,,JugvVaRXtnUCyV5TqWquwr.Photo.223102.jpg
165,Motor Nema 17 bj42d15,Ceality,Motion,Bin 1,2,0.00,,GgOijaSnemGVHz8R2n7WeL.Photo.223959.jpg
166,Motor Nema 17 bj42d22,Ceality,Motion,Bin 1,1,0.00,,K50vKFjZzo1oR73diTeokX.Photo.223843.jpg
167,Motor Nema 17 integrated leadscrew 300mm,Siboor,Motion,Bin 1,3,0.00,,9hhRkm0vcAFN4tOsh0ATqR.Photo.223441.jpg
235,Mze melt zone extender v6,Triangle Labs,Hardware,Hot End,2,0.00,,hu6TezDPtp0EJnu7ZVNgYN.Photo.205648.jpg
236,Mze melt zone extender v6,Generic,Hardware,Hot End,2,0.00,,6UtVKXdXMzfuBCRe1PEDYB.Photo.205721.jpg
74,Nema 14 36mm pancake,Generic,Electronics,Bin 2,5,0.00,Box turtle,v4yPiv3jcdhcAoOrFRm6Id.Photo.234547.jpg
75,Nema 14 36mm round,Generic,Electronics,Bin 4,2,0.00,Night owl,5hgf07IHWqdLY3R6pcJS5N.Photo.164559.jpg
76,Nema 17 HT 55 shaft,Stepper Online,Electronics,Bin 2,6,0.00,,ckVP0vvzXWwdDwgnJO0L7n.Photo.232333.jpg
168,Nema 17 integrated scree,Siboor,Motion,Bin 4,1,0.00,Inertia cube i3,isQflfal2hV1T40r7ztJxx.Photo.213923.jpg
77,Neo pixels,,Electronics,Bin 1,50,0.00,,LSq3is9A34EqsqI8z4vBlx.Photo.005425.jpg
78,Neopixels,,Electronics,Bin 4,50,0.00,,YR3tqdJxu26E7dSDekGmV3.Photo.222617.jpg
280,Nevermore carbon xl,Nevermore,Misc,Bin 2,4,0.00,,37lrGSUw4MQCyEgKkRoJyY.Photo.213922.jpg
281,Nevermore mini HEPA filter,Nevermore,Misc,Bin 2,5,0.00,,mEjkErbCDjzvdjs0R54cOf.Photo.194013.jpg
282,Nevermore mini kit,Nevermore,Misc,Bin 3,1,0.00,,7GGNWuunhQUIj8tKo7Ahi9.Photo.194049.jpg
79,Nevermore Stealthmax v2,Nevermore,Electronics,Bin 2,2,0.00,,mZv3oxBgd0dWn8BE30md1G.Photo.201613.jpg
80,Nfc stickers,,,Bin 2,100,0.00,,y7gKshmag5T1itkqU3h5b5.Photo.232035.jpg
81,Octopus 1.1 mcu,BTT,Electronics,Bin 1,2,0.00,,vaJfXlEJjTFYEGk1Ez6UbU.Photo.203026.jpg
82,Orbiter 2 Smart filament sensor,Mellow,Electronics,Hot End,1,0.00,,kPDkM2jiiPrR0Vpkin9GyZ.Photo.000438.jpg
169,Orbiter v 2.5 upgrade kit,LDO,Motion,Bin 4,1,0.00,Inertia cube i3,ORWDdkZIU533JlPfKQ0Ods.Photo.223334.jpg
83,Orbitor 2 toolboard,LDO,Electronics,,0,0.00,Used in Switchwire,wpbyj6dTjx2pfx3xt6emM6.Photo.232336.jpg
84,P1P thermistor and heater,,Electronics,Hot End,3,0.00,,hvQfihKXaTC36GPFS4GtVJ.Photo.220922.jpg
85,Panasonic 15amp ssr,,Electronics,Bin 2,1,0.00,,tUvnGfcZHtYFMLkaGPbarg.Photo.231928.jpg
237,Peek rubber feet bed,Fystec,Hardware,Bin 2,2,0.00,,nSnVqfpPjmBv14xI7ezwYc.Photo.211356.jpg
283,Pg7 cable gland,,Misc,Bin 4,15,0.00,,SnCoGQJcHt4DljHCIvPSUN.Photo.222959.jpg
284,PG7 cable glands,,Misc,Bin 3,16,0.00,,OISBo0vc5LdOF1F3mKe4BC.Photo.021939.jpg
285,Pg9 cable gland,,Misc,Bin 4,10,0.00,,zfT4ODQEyAs8hQZ82Yl4Lh.Photo.223023.jpg
86,Pi 4b 4gb,Raspberry Pi,Electronics,Bin 1,1,0.00,,ZSM2hLv84yQzjyqAIyvjEk.Photo.234142.jpg
87,Pi TFT50 DSi screen,BTT,Electronics,Bin 4,1,0.00,,hkHEbAZheFwn3X3lXpLRS4.Photo.212334.jpg
88,Pn532 NFC reader,,Electronics,Bin 2,5,0.00,,20athy02BjSJK0ENKiT4xE.Photo.000623.jpg
89,Power supply 25w 5v,Meanwell,Electronics,Bin 1,2,0.00,,RLsuWkG4rXsSWpuTd0J0Tl.Photo.202633.jpg
91,Power supply 350w 24v,Meanwell,Electronics,Bin 1,2,0.00,,PmSE3XIbqVuWI1n5mLBJaS.Photo.202524.jpg
90,Power supply 350w 24v,Changzhou Chuanglian,Electronics,Bin 1,1,0.00,,o1SnB43LhygMha0CfQRAJv.Photo.202440.jpg
286,Ptfe 3mm x 4mm 10m,,Misc,Bin 4,1,0.00,,9JV5rKTz6aD9QG05qB2Ugf.Photo.222522.jpg
287,PTFE tubing,,Misc,Bin 3,1,0.00,,ZC4qsI5vZiVneVAY2kT21K.Photo.023056.jpg
288,Quattro Box panels,,Misc,Bin 4,1,0.00,,HaE9EZUeaBtW8R4d4EtgRH.Photo.204800.jpg
170,Rail Kit Trident 300,,Motion,Bin 2,1,0.00,"MGN12h 350x1 MGN9H 350 x 2, MGN9H 300 x1",UJD1Af5TCp53pEX600aEmv.Photo.232613.jpg
92,Raspberry pi 4b 2gb,Raspberry Pi,Electronics,Bin 1,1,0.00,,VER3z3G850AA3iEi5RdaxI.Photo.234207.jpg
93,Raspberry Pi commute module 4,Raspberry Pi,Electronics,Bin 1,0,0.00,,uj4AGCYHIywzIFWxC9lINo.Photo.234240.jpg
238,Red lizard k1,,Hardware,Hot End,1,0.00,,HkEgxP09Gt2yzzgaPYGZD1.Photo.042724.jpg
289,Retractable reels,,Misc,Bin 3,2,0.00,,r9NDog2K2bEZQCv3rgkHM8.Photo.023558.jpg
94,Rgb led disco on a matchstick,Mellow,Electronics,Bin 4,2,0.00,,nsilwKtzNnt6L9h6EarbbT.Photo.210359.jpg
95,Rgb led disco on a stick 270mm,Mellow,,Bin 4,2,0.00,,sraLfcisQGx3TkluZAMP1n.Photo.214942.jpg
96,Rgb led Disco on a stick 370mm,Mellow,Electronics,Bin 4,2,0.00,,fySq0ROT6yKmRWnWhmIs8J.Photo.215021.jpg
97,RJ45 keystone,,Electronics,Bin 1,2,0.00,,Wh2Wk3NRgsYejpcfjeqH1A.Photo.021817.jpg
290,Rope gasket,,Misc,Bin 3,2,0.00,,jN6Sf4eGb4RIF6uA8Bd6Hg.Photo.022627.jpg
291,Rubber feet,,Misc,Bin 3,4,0.00,,aktPATWLb70n1Tlb7tuzat.Photo.203922.jpg
239,Rubber feet set of 4,,Hardware,Bin 4,2,0.00,Night owl,FhTXLwji6PfOPUqJ5NydJf.Photo.164953.jpg
292,Salad Fork 180 build plate,,Misc,Bin 3,1,0.00,,jHFa6hk9a0j0urVwqfIznV.Photo.224604.jpg
98,Salad fork 180 frame black,,,Bin 3,1,0.00,,OhwwNIadce6QZmF7e9x1Ht.Photo.232617.jpg
240,Salad Fork 180 hardware kit,,Hardware,Bin 4,1,0.00,,VCMLtCKq7SrpAwlrfdAAuC.Photo.211731.jpg
99,Salad fork 180 heater,,Electronics,Bin 3,1,0.00,320w,hKDaWSFJAqs8XGVGhamo1M.Photo.224944.jpg
293,Salad fork 180 magnetic sticker,,Misc,Bin 3,1,0.00,,9HiMFtqt8GDLUsAF31QXIE.Photo.225115.jpg
100,Salad fork 180 motors,Moons,,Bin 3,1,0.00,,0xOUuu71jYGZnbTsNLwBgY.Photo.232740.jpg
101,Salad fork 180 x and y linear rails,Beseker,,Bin 3,3,0.00,,SAF0avwypmhfnrPlvZxyT6.Photo.230711.jpg
171,Salad Fork 180 z linear rails,,Motion,Bin 4,3,0.00,,XsJxDBSdV1ca2bPLayvx1e.Photo.212025.jpg
241,Salad fork backlash,,Hardware,Bin 2,3,0.00,,WVJyoGQkXOFOqMmKI7yGm1.Photo.230535.jpg
294,Scorch Carbon,Nevermore,Misc,Bin 2,5,0.00,,atdsq1JOPZWHNDWHiWG4lJ.Photo.193819.jpg
102,Servo MG90s,,Electronics,Bin 1,5,0.00,,4gUSBvBSy1qJ33kWLcg1xQ.Photo.233016.jpg
103,Servo MG995R,,Electronics,Bin 1,1,0.00,,4qkNifOOCEYEgMlbW85DXd.Photo.232937.jpg
104,SGP40 seanor,,Electronics,Bin 1,4,0.00,,pQzGNQFPpRo7LYJg2xaBSI.Photo.225444.jpg
105,Sgp sensor,,Electronics,Bin 4,2,0.00,,lTuDNYhyyN26paQXxP5YOO.Photo.195011.jpg
106,Smart button,Aqara,Electronics,Bin 3,3,0.00,,SY9byoeUdXbpZYoThrDOdu.Photo.021352.jpg
107,Smart filament sensor,BTT,Electronics,Bin 4,2,0.00,,a1TbF4D3wrpoGPE9adcQnW.Photo.214106.jpg
108,Smart filament sensor v2,BTT,Electronics,Bin 1,2,0.00,,bhFt42pPXVdOSTLXAgne97.Photo.224701.jpg
109,Spider 1.1 mcu,Fystec,Electronics,Bin 1,2,0.00,,XLX6SiuobHfIZP0jmWWETt.Photo.203049.jpg
295,Spring steel,,Misc,Hot End,1,0.00,,k6hvDjKxPicxAIEqMV88sF.Photo.204954.jpg
296,Squash balls,,Misc,Bin 3,4,0.00,,CM5nC0WNGL9Ars21lP3PZj.Photo.201335.jpg
110,SSR,Omron,Electronics,Bin 1,1,0.00,,A0yuMpz60SnYz9sYCt8l15.Photo.021658.jpg
111,SSR 15a,Panasonic,Electronics,Bin 2,2,0.00,,Be5SkFoaAga4liWbxCp5Wg.Photo.213000.jpg
112,Ssr 15amp,Omron,Electronics,Bin 4,1,0.00,,0K78kgwjo85rSYxX0Hf0L6.Photo.194334.jpg
242,Stainless steel backers 300mm,,Hardware,Bin 3,1,0.00,,LwprT1DtL00U4B2afIA7d8.Photo.201650.jpg
297,Stealth changer shuttle cnc,Fystec,,Bin 2,1,0.00,,eXNgGzmb4Nl0EcmIvpQOJC.Photo.230848.jpg
113,Stealthmax pcb,Maker Panda,Electronics,Bin 1,1,0.00,One has a sensor timeout,SlmQAq5M4hYcLc1VTPnx0V.Photo.225603.jpg
298,Stealthmax round acrylic,,Misc,Bin 3,1,0.00,,
299,Steel balls 1.5 inch,,Misc,Bin 3,2,0.00,,G3DLWAqsQ6pyd3jdKPtZ4W.Photo.202027.jpg
114,Switch kcd-104,,Electronics,Bin 2,5,0.00,,cC9OczFBR7nG969BKBRxnQ.Photo.210114.jpg
243,Tap changer 2.4 300mm kit,,Hardware,Bin 4,1,0.00,,GaP9FZxiw1dowrkIR28YxY.Photo.164239.jpg
115,TD tester for hue forge,,Electronics,Bin 2,1,0.00,,ICMXDMBkdl3bIJ8c1KShsz.Photo.213757.jpg
300,The cloud fire extinguisher,Wham Bam,Misc,Bin 3,1,0.00,,DKEzseelFSGCFqvxDIICPp.Photo.193608.jpg
116,Thermistor,Winnsin,Electronics,Hot End,1,0.00,,1grGAr1mWDwz8ezU3cCP7U.Photo.022214.jpg
117,TMC2209 driver,Fystec,Electronics,Bin 1,6,0.00,,9Fjgz8xMbv5O4e9HhWYCD9.Photo.231947.jpg
118,TMC2209 Driver,BTT,Electronics,Bin 1,16,0.00,,KcxBS8ErXnIIHAZfKV1JAt.Photo.231831.jpg
119,TMC5160T Driver,BTT,Electronics,Bin 2,4,0.00,,G4sJj8qez93cMDy5xFNIcn.Photo.211017.jpg
120,Tmc5160t pro 1.0,BTT,Electronics,Bin 4,4,0.00,,4SHedTahFVlidlAYYrL0hY.Photo.210749.jpg
244,Toolhead standoff m3x18,,Hardware,Bin 4,20,0.00,,7wPWPZf5hdEbqrd5epYA2t.Photo.212601.jpg
245,Trident 350 frame,Fystec,Hardware,Bin 3,1,0.00,,N7MKF9gCsauk4x9cbKpFRA.Photo.193414.jpg
172,Trident 350mm motion kit,Fystec,Motion,Bin 1,1,0.00,,CFb31p1mG5SED3Vhoxdyft.Photo.224917.jpg
173,Trident CNC Kit,Siboor,Motion,Bin 4,1,0.00,,PYE2kcUrdXeb80r9zDTffD.Photo.211439.jpg
246,Tz v6 Bambu style v1,,Hardware,Hot End,3,0.00,,A0nsulKqeEOEyYvtm6zcMA.Photo.204936.jpg
247,Tz v6 Bambu style v2 hotend,,Hardware,Hot End,9,0.00,,pPZPVfXasJF2vd9F9OjLfm.Photo.203648.jpg
301,Tz v6 v2 Hotends Round,,Misc,,5,0.00,,qvIhW7Qhw1Nj68pZ0zqdLA.Photo.222346.jpg
121,U2C V2.1,BTT,Electronics,Bin 1,4,0.00,,y9KR3ziQt9q2Q76Pe47HhR.Photo.231233.jpg
122,Uhp-200 psu 24v,Meanwell,Electronics,Bin 4,1,0.00,,uzcESh5zAT9ENJGZut9NXE.Photo.211641.jpg
302,Universal turbo kit cpap,Biqu,,Bin 2,1,0.00,,LaeqgtzsvwVYx4vrYvbTHX.Photo.230015.jpg
123,USB A keystone,,Electronics,Bin 4,3,0.00,,dO1VpUTGmZPQx9w7fS4Qwf.Photo.225255.jpg
124,USB A right angle adapter,,Electronics,Bin 3,3,0.00,,BYdrgOQ3tAAFTgJCDESOKN.Photo.235747.jpg
126,USB cables,,Electronics,Bin 1,6,0.00,,hJA1BPRGnjZgNlVoM0ZKRR.Photo.233507.jpg
127,USB camera cable,,Electronics,Bin 1,5,0.00,,KTieCksF3OL5abfmCQpnaU.Photo.004417.jpg
125,USB c keystone,,Electronics,Bin 4,2,0.00,,xtDobeTB09K0PWLEBn5wXP.Photo.225331.jpg
128,Video flat cable,,Electronics,Bin 1,4,0.00,,FeVnT2y7TivWGHbis25aey.Photo.060908.jpg
203,Voron auxiliary fan kit,Fystec,Fans,Bin 1,2,0.00,,gIFDdx8QlnMOJtKEjBmVwD.Photo.232758.jpg
129,Wd2812b led strip,,Electronics,Bin 4,1,0.00,Quattro box,dKc7JCRk4BRNd7DzhbEaRB.Photo.222720.jpg
130,Webcam fov 120,,Electronics,Bin 1,3,0.00,,XefbuR61At6emtvv8FdF1n.Photo.005224.jpg
131,Webcam usb,Aukey,Electronics,Bin 1,2,0.00,,EcopBXBuQhAF1AlZRHeWYz.Photo.004517.jpg
303,Xol CNC carriage,,,Bin 2,1,0.00,,lr7ZiJctAmg32bw1aMNGke.Photo.230445.jpg
